text,label
Buy Macmillan Historical Fiction (Fully Illustrated),Books
Maybelline Original Perfume - Intensely Hydrating - High-Quality Choice,Beauty
Penguin Must-Have Textbook with Pulitzer Prize Winning,Books
Microwave Oven by Whirlpool | Ergonomic Lumbar Support | Elegant,Home
Gaming Mouse by HP | 4K Ultra HD | Exclusive,Electronics
The Durable Clinique Mascara (Intensely Hydrating),Beauty
Calvin Klein Original Chinos - Slim Fit - Must-Have Choice,Clothing
Simon & Schuster Original Textbook - Special Collector's Edition - Durable Choice,Books
Breville Robot Vacuum - Ergonomic Lumbar Support,Home
Ninja Luxury Blender with Smart LED Compatible,Home
Buy Dove Eye Shadow Palette (Intensely Hydrating),Beauty
The Must-Have Ralph Lauren T-Shirt (Wrinkle-Free),Clothing
Calvin Klein Jeans - Fleece Lined,Clothing
Buy Ralph Lauren Polo Shirt (Breathable Mesh),Clothing
Bosch High-Quality Vacuum Cleaner with True HEPA Filter,Home
"Durable Eufy Robot Vacuum, Egyptian Cotton King Size",Home
Body Lotion by Estee Lauder | Dermatologist Tested For Sensitive Skin | Premium,Beauty
"Luxury Penguin Poetry Collection, Special Collector's Edition",Books
Dove Face Wash - Matte Finish,Beauty
Tablet by HP | 30-hour battery life | Classic,Electronics
"Asus Original Smart TV - 16GB RAM, 512GB NVMe SSD - Premium Choice",Electronics
Track Pants by Zara | Slim Fit | Elegant,Clothing
Simon & Schuster Original Mystery Thriller - Mass Market Paperback - Bestselling Choice,Books
Elegant Cookbook: O'Reilly release featuring Revised and Updated Edition,Books
The Bestselling Bosch Table Lamp (Egyptian Cotton King Size),Home
"Modern Ralph Lauren Track Pants, Fleece Lined",Clothing
Must-Have Smartphone: Asus release featuring 128GB Storage,Electronics
The Must-Have Eufy Table Lamp (Ceramic Non-Stick),Home
Adidas Elegant Dress with Breathable Mesh,Clothing
Buy The Ordinary Shampoo (Dermatologist Tested For Sensitive Skin),Beauty
Shorts by Levi's | Fleece Lined | High-Quality,Clothing
Scholastic Biography - Revised and Updated Edition,Books
Dyson Blender - True HEPA Filter,Home
Bosch Original Air Purifier - True HEPA Filter - Modern Choice,Home
Under Armour Classic Sneakers with Wrinkle-Free,Clothing
Body Lotion by Olay | Broad Spectrum SPF 50 | Bestselling,Beauty
"Top-Rated Neutrogena Moisturizer, Infused with Hyaluronic Acid",Beauty
The Durable Fenty Beauty Vitamin C Serum (Intensely Hydrating),Beauty
Buy NARS Liquid Lipstick (Anti-Aging Formula),Beauty
The Elegant Vans Jeans (Water Resistant),Clothing
Breville Elegant Cookware Set with Smart LED Compatible,Home
Samsung Wireless Headphones - 4K Ultra HD,Electronics
The Affordable CeraVe Moisturizer (Anti-Aging Formula),Beauty
Table Lamp by Dyson | Energy Efficient Rating | Affordable,Home
Buy Tommy Hilfiger Hoodie (Slim Fit),Clothing
H&M Elegant Hoodie with Fleece Lined,Clothing
Vitamin C Serum by L'Oreal | Dermatologist Tested For Sensitive Skin | Luxury,Beauty
Bestselling Polo Shirt: Under Armour release featuring Athletic Performance Fit,Clothing
Scholastic Original Self-Help Book - Pulitzer Prize Winning - Bestselling Choice,Books
Tommy Hilfiger Sneakers - Wrinkle-Free,Clothing
Bosch Office Chair - Dishwasher Safe,Home
Programming Guide by Simon & Schuster | Audiobook Narration Included | Durable,Books
Philips High-Quality Air Purifier with Ergonomic Lumbar Support,Home
Scholastic Cookbook - Special Collector's Edition,Books
Lenovo Exclusive Smart TV with 128GB Storage,Electronics
Buy Tommy Hilfiger T-Shirt (Fleece Lined),Clothing
Buy Puma Jeans (Slim Fit),Clothing
Bestselling Vitamin C Serum: The Ordinary release featuring Matte Finish,Beauty
Tupperware Bestselling Bed Sheets with Premium Stainless Steel,Home
The Durable LG Smart TV (Fast Charging support),Electronics
Mechanical Keyboard by Bose | Wi-Fi 6 Enabled | Luxury,Electronics
Cuisinart Affordable Cookware Set with True HEPA Filter,Home
"Luxury Tupperware Stand Mixer, Ergonomic Lumbar Support",Home
The Durable Lenovo Laptop (30-hour battery life),Electronics
Vans Sweater - Vintage Wash,Clothing
The Classic Bosch Microwave Oven (Ergonomic Lumbar Support),Home
"High-Quality Acer Tablet, Waterproof IP68",Electronics
Bantam Classic Poetry Collection with Kindle eBook Edition,Books
Samsung Gaming Mouse - Active Noise Cancelling,Electronics
Zara Chinos - Vintage Wash,Clothing
The Premium Puma Polo Shirt (100% Organic Cotton),Clothing
Bosch Original Table Lamp - Premium Stainless Steel - Bestselling Choice,Home
"Luxury Ninja Table Lamp, Egyptian Cotton King Size",Home
H&M Chinos - Athletic Performance Fit,Clothing
Elegant Shorts: Converse release featuring Vintage Wash,Clothing
"Must-Have MAC Sunscreen, Matte Finish",Beauty
The High-Quality HarperCollins Historical Fiction (Audiobook Narration Included),Books
"Bose Original Power Bank - 16GB RAM, 512GB NVMe SSD - High-Quality Choice",Electronics
Buy LG Tablet (Active Noise Cancelling),Electronics
The Top-Rated Under Armour Sweater (Fleece Lined),Clothing
Must-Have Mechanical Keyboard: Dell release featuring 30-hour battery life,Electronics
Breville Original Bed Sheets - Ergonomic Lumbar Support - Luxury Choice,Home
Buy HarperCollins Sci-Fi Novel (Hardcover Edition),Books
The Modern L'Oreal Vitamin C Serum (Fragrance-Free),Beauty
The Ordinary Original Eye Shadow Palette - Matte Finish - Exclusive Choice,Beauty
NARS Face Wash - Dermatologist Tested For Sensitive Skin,Beauty
Lenovo Elegant Router with Wi-Fi 6 Enabled,Electronics
Jeans by Calvin Klein | Athletic Performance Fit | Elegant,Clothing
Macmillan Original Historical Fiction - Kindle eBook Edition - Luxury Choice,Books
Olay Body Lotion - Matte Finish,Beauty
Converse Must-Have Polo Shirt with Slim Fit,Clothing
Neutrogena Original Sunscreen - Sulfate and Paraben Free - Exclusive Choice,Beauty
The High-Quality Tupperware Toaster (Ceramic Non-Stick),Home
The High-Quality Ninja Blender (Smart LED Compatible),Home
Tommy Hilfiger Original Dress - Casual Everyday Wear - Durable Choice,Clothing
The Durable Asus Smartwatch (Active Noise Cancelling),Electronics
The Must-Have Ralph Lauren Jeans (Breathable Mesh),Clothing
The Durable Zara T-Shirt (Fleece Lined),Clothing
The Classic Neutrogena Vitamin C Serum (100% Vegan & Cruelty-Free),Beauty
The Modern L'Oreal Liquid Lipstick (Fragrance-Free),Beauty
The Durable Estee Lauder Liquid Lipstick (Dermatologist Tested For Sensitive Skin),Beauty
High-Quality Programming Guide: Scholastic release featuring Special Collector's Edition,Books
Breville Table Lamp - Ceramic Non-Stick,Home
Luxury Sneakers: Vans release featuring Slim Fit,Clothing
"Affordable Lenovo Mechanical Keyboard, 120Hz OLED Display",Electronics
Bose Gaming Mouse - Wi-Fi 6 Enabled,Electronics
Affordable Programming Guide: Vintage release featuring Mass Market Paperback,Books
Adidas High-Quality Sneakers with Casual Everyday Wear,Clothing
Buy Adidas Dress (Breathable Mesh),Clothing
Cookware Set by Ninja | Ceramic Non-Stick | Premium,Home
"Durable Fenty Beauty Perfume, Dermatologist Tested For Sensitive Skin",Beauty
Bosch Microwave Oven - Egyptian Cotton King Size,Home
"Must-Have Anker Smartphone, 120Hz OLED Display",Electronics
Top-Rated Polo Shirt: Zara release featuring Water Resistant,Clothing
Buy Bantam Novel (Hardcover Edition),Books
Buy MAC Eye Shadow Palette (100% Vegan & Cruelty-Free),Beauty
CeraVe Modern Eye Shadow Palette with Infused with Hyaluronic Acid,Beauty
Buy Under Armour Dress (Athletic Performance Fit),Clothing
Estee Lauder Concealer - Matte Finish,Beauty
KitchenAid Exclusive Vacuum Cleaner with Energy Efficient Rating,Home
O'Reilly Luxury Biography with Kindle eBook Edition,Books
HP Must-Have Power Bank with 4K Ultra HD,Electronics
The Classic Olay Shampoo (Sulfate and Paraben Free),Beauty
Modern Mechanical Keyboard: Jabra release featuring Ultra-Slim Design,Electronics
Puma Modern T-Shirt with Water Resistant,Clothing
Router by Asus | Fast Charging support | Exclusive,Electronics
"Classic Tupperware Bed Sheets, Energy Efficient Rating",Home
L'Oreal Face Wash - 100% Vegan & Cruelty-Free,Beauty
HP Luxury Bluetooth Speaker with Fast Charging support,Electronics
"Top-Rated Nike Sneakers, Casual Everyday Wear",Clothing
Premium Shorts: H&M release featuring Water Resistant,Clothing
The Modern HarperCollins Self-Help Book (Pulitzer Prize Winning),Books
NARS Luxury Vitamin C Serum with 100% Vegan & Cruelty-Free,Beauty
Buy Asus Bluetooth Speaker (120Hz OLED Display),Electronics
Affordable Liquid Lipstick: MAC release featuring Infused with Hyaluronic Acid,Beauty
Buy Dell Gaming Mouse (Wi-Fi 6 Enabled),Electronics
The Premium Olay Mascara (Broad Spectrum SPF 50),Beauty
The Elegant O'Reilly Cookbook (Fully Illustrated),Books
The Bestselling Puma Jacket (Wrinkle-Free),Clothing
Buy Breville Robot Vacuum (True HEPA Filter),Home
The High-Quality Tommy Hilfiger Dress (Athletic Performance Fit),Clothing
The Premium Ralph Lauren Dress (Breathable Mesh),Clothing
Macmillan Novel - Pulitzer Prize Winning,Books
Premium Laptop: Apple release featuring 120Hz OLED Display,Electronics
"Premium Adidas Dress, Water Resistant",Clothing
The Exclusive Adidas Dress (Athletic Performance Fit),Clothing
Buy Philips Vacuum Cleaner (Fully Programmable),Home
The Affordable Simon & Schuster Cookbook (Revised and Updated Edition),Books
Bose High-Quality Monitor with 4K Ultra HD,Electronics
Philips High-Quality Stand Mixer with Premium Stainless Steel,Home
LG Bluetooth Speaker - 128GB Storage,Electronics
Buy Ninja Office Chair (Premium Stainless Steel),Home
Exclusive Mascara: Maybelline release featuring Dermatologist Tested For Sensitive Skin,Beauty
Puma High-Quality T-Shirt with Slim Fit,Clothing
Apple Original Wireless Headphones - Waterproof IP68 - Affordable Choice,Electronics
Bosch Original Robot Vacuum - Dishwasher Safe - Top-Rated Choice,Home
Anker High-Quality Mechanical Keyboard with Ultra-Slim Design,Electronics
Buy Cuisinart Robot Vacuum (Fully Programmable),Home
Bestselling Polo Shirt: Under Armour release featuring Wrinkle-Free,Clothing
Cuisinart Stand Mixer - Smart LED Compatible,Home
Converse Original Shorts - Slim Fit - Premium Choice,Clothing
Biography by O'Reilly | Revised and Updated Edition | Luxury,Books
Jabra High-Quality Gaming Mouse with Fast Charging support,Electronics
Body Lotion by Clinique | 100% Vegan & Cruelty-Free | Top-Rated,Beauty
"Modern Samsung Gaming Mouse, 30-hour battery life",Electronics
Sony Power Bank - Active Noise Cancelling,Electronics
The Must-Have Penguin Mystery Thriller (Hardcover Edition),Books
"Durable Bosch Blender, Energy Efficient Rating",Home
Modern Wireless Headphones: Apple release featuring Waterproof IP68,Electronics
Buy The Ordinary Body Lotion (100% Vegan & Cruelty-Free),Beauty
Puma Premium Running Shoes with 100% Organic Cotton,Clothing
Self-Help Book by Simon & Schuster | Pulitzer Prize Winning | Must-Have,Books
Zara Exclusive Jacket with Casual Everyday Wear,Clothing
Buy Macmillan Novel (New York Times Bestseller),Books
Asus Original Power Bank - Wi-Fi 6 Enabled - Bestselling Choice,Electronics
H&M Original Dress - Vintage Wash - Luxury Choice,Clothing
Buy Macmillan Poetry Collection (Revised and Updated Edition),Books
O'Reilly Original Self-Help Book - Signed Copy - Modern Choice,Books
Philips Original Cookware Set - Smart LED Compatible - Affordable Choice,Home
"Exclusive Maybelline Foundation, Broad Spectrum SPF 50",Beauty
Philips Original Stand Mixer - Ergonomic Lumbar Support - Classic Choice,Home
Buy Levi's Jacket (100% Organic Cotton),Clothing
"Classic Calvin Klein Chinos, Casual Everyday Wear",Clothing
Calvin Klein Durable Track Pants with Casual Everyday Wear,Clothing
"Top-Rated Cuisinart Office Chair, Ergonomic Lumbar Support",Home
Olay Original Foundation - 100% Vegan & Cruelty-Free - Top-Rated Choice,Beauty
IKEA Microwave Oven - Fully Programmable,Home
The Ordinary Durable Foundation with Infused with Hyaluronic Acid,Beauty
Concealer by Estee Lauder | Matte Finish | Exclusive,Beauty
Buy Bose Monitor (Fast Charging support),Electronics
Sony Original Monitor - 30-hour battery life - Classic Choice,Electronics
Penguin Mystery Thriller - Pulitzer Prize Winning,Books
IKEA Microwave Oven - Energy Efficient Rating,Home
"High-Quality Sony Bluetooth Speaker, 128GB Storage",Electronics
The Luxury Converse T-Shirt (Breathable Mesh),Clothing
Ninja Original Table Lamp - Ceramic Non-Stick - Exclusive Choice,Home
Buy Apple Wireless Headphones (Ultra-Slim Design),Electronics
Table Lamp by Eufy | Ceramic Non-Stick | Modern,Home
Bose Gaming Mouse - Active Noise Cancelling,Electronics
Bantam Top-Rated Poetry Collection with Pulitzer Prize Winning,Books
Smartwatch by LG | Ultra-Slim Design | Top-Rated,Electronics
Buy Dove Eye Shadow Palette (Matte Finish),Beauty
NARS Classic Foundation with Infused with Hyaluronic Acid,Beauty
Cuisinart Classic Vacuum Cleaner with Ceramic Non-Stick,Home
The Luxury LG Blender (Egyptian Cotton King Size),Home
HarperCollins Programming Guide - Revised and Updated Edition,Books
Buy MAC Sunscreen (Matte Finish),Beauty
Must-Have Shampoo: Clinique release featuring Infused with Hyaluronic Acid,Beauty
"Elegant Tommy Hilfiger Hoodie, Breathable Mesh",Clothing
"Premium Bantam Self-Help Book, Revised and Updated Edition",Books
Macmillan Affordable Historical Fiction with Hardcover Edition,Books
Calvin Klein Polo Shirt - Wrinkle-Free,Clothing
Apple Original Monitor - Waterproof IP68 - Classic Choice,Electronics
Nike Premium Polo Shirt with Casual Everyday Wear,Clothing
"Affordable O'Reilly Textbook, New York Times Bestseller",Books
Breville Elegant Air Purifier with Energy Efficient Rating,Home
NARS Durable Shampoo with 100% Vegan & Cruelty-Free,Beauty
Buy Simon & Schuster Cookbook (Pulitzer Prize Winning),Books
Bosch Must-Have Microwave Oven with Premium Stainless Steel,Home
Buy HP Laptop (Fast Charging support),Electronics
Asus Original Smart TV - Waterproof IP68 - Must-Have Choice,Electronics
Scholastic Elegant Textbook with Pulitzer Prize Winning,Books
Tommy Hilfiger Original Jacket - Vintage Wash - Premium Choice,Clothing
"High-Quality KitchenAid Stand Mixer, Ceramic Non-Stick",Home
Classic Programming Guide: Scholastic release featuring Mass Market Paperback,Books
Eufy Office Chair - Energy Efficient Rating,Home
Buy Breville Microwave Oven (Fully Programmable),Home
Sunscreen by L'Oreal | Broad Spectrum SPF 50 | Affordable,Beauty
Scholastic Bestselling Biography with Kindle eBook Edition,Books
Apple Smart TV - 4K Ultra HD,Electronics
Whirlpool Original Table Lamp - Ceramic Non-Stick - Must-Have Choice,Home
The Modern Macmillan Textbook (Audiobook Narration Included),Books
Buy Philips Blender (Ergonomic Lumbar Support),Home
Converse T-Shirt - Slim Fit,Clothing
Fenty Beauty Original Vitamin C Serum - 100% Vegan & Cruelty-Free - Modern Choice,Beauty
Buy Dove Concealer (Intensely Hydrating),Beauty
Coffee Maker by IKEA | Fully Programmable | Modern,Home
Levi's Original Polo Shirt - Water Resistant - Classic Choice,Clothing
Cookware Set by Cuisinart | Dishwasher Safe | Modern,Home
Cuisinart Table Lamp - Smart LED Compatible,Home
Macmillan Elegant Biography with Audiobook Narration Included,Books
Body Lotion by Estee Lauder | Fragrance-Free | Luxury,Beauty
"Luxury HarperCollins Poetry Collection, Mass Market Paperback",Books
Self-Help Book by HarperCollins | Mass Market Paperback | Elegant,Books
Ralph Lauren Bestselling Dress with 100% Organic Cotton,Clothing
Apple Mechanical Keyboard - Active Noise Cancelling,Electronics
Smartwatch by HP | 30-hour battery life | Luxury,Electronics
The Elegant Dyson Toaster (True HEPA Filter),Home
The High-Quality KitchenAid Air Purifier (Energy Efficient Rating),Home
Buy Vintage Textbook (Pulitzer Prize Winning),Books
Bestselling Mechanical Keyboard: Bose release featuring 4K Ultra HD,Electronics
Tommy Hilfiger Shorts - Athletic Performance Fit,Clothing
Buy Philips Bed Sheets (Ergonomic Lumbar Support),Home
Vintage Classic Poetry Collection with Signed Copy,Books
Premium Bluetooth Speaker: Jabra release featuring 4K Ultra HD,Electronics
"Modern Ninja Robot Vacuum, Egyptian Cotton King Size",Home
"Bestselling IKEA Table Lamp, Ergonomic Lumbar Support",Home
Buy Dove Face Wash (24-Hour Long Lasting),Beauty
Sneakers by Under Armour | Casual Everyday Wear | Modern,Clothing
Buy Clinique Shampoo (Matte Finish),Beauty
"Durable Asus Laptop, 30-hour battery life",Electronics
MAC Perfume - Fragrance-Free,Beauty
The Elegant Converse Jeans (Vintage Wash),Clothing
"Elegant Eufy Cookware Set, Smart LED Compatible",Home
T-Shirt by Under Armour | Wrinkle-Free | Bestselling,Clothing
LG Original Smartwatch - Wi-Fi 6 Enabled - High-Quality Choice,Electronics
Buy MAC Moisturizer (Anti-Aging Formula),Beauty
Clinique Original Perfume - Intensely Hydrating - Bestselling Choice,Beauty
The Luxury Adidas Jacket (Casual Everyday Wear),Clothing
The Durable Tupperware Robot Vacuum (Smart LED Compatible),Home
"Must-Have Samsung Tablet, Active Noise Cancelling",Electronics
Under Armour Jeans - Fleece Lined,Clothing
Gaming Mouse by Anker | 128GB Storage | Premium,Electronics
Ninja Vacuum Cleaner - Smart LED Compatible,Home
Buy Vans Sweater (100% Organic Cotton),Clothing
Table Lamp by Cuisinart | Energy Efficient Rating | Bestselling,Home
Buy Under Armour Dress (Water Resistant),Clothing
"Must-Have NARS Foundation, Sulfate and Paraben Free",Beauty
The Classic MAC Perfume (Dermatologist Tested For Sensitive Skin),Beauty
Exclusive Router: HP release featuring Active Noise Cancelling,Electronics
Self-Help Book by Scholastic | Mass Market Paperback | Premium,Books
The Elegant Puma Dress (Slim Fit),Clothing
Ralph Lauren Hoodie - Fleece Lined,Clothing
Ralph Lauren Original Sweater - Vintage Wash - Must-Have Choice,Clothing
Office Chair by LG | Egyptian Cotton King Size | Premium,Home
Robot Vacuum by Bosch | Ergonomic Lumbar Support | Modern,Home
Sunscreen by Neutrogena | Broad Spectrum SPF 50 | Must-Have,Beauty
Bosch Original Microwave Oven - Dishwasher Safe - Premium Choice,Home
"Top-Rated Tupperware Air Purifier, Premium Stainless Steel",Home
The Exclusive Bose Monitor (Waterproof IP68),Electronics
The Top-Rated H&M Jeans (100% Organic Cotton),Clothing
Buy Levi's Track Pants (100% Organic Cotton),Clothing
Macmillan Original Self-Help Book - New York Times Bestseller - Luxury Choice,Books
Body Lotion by Olay | 100% Vegan & Cruelty-Free | High-Quality,Beauty
"Modern Nike Chinos, Vintage Wash",Clothing
Buy LG Stand Mixer (Premium Stainless Steel),Home
Smart TV by Sony | 120Hz OLED Display | Must-Have,Electronics
Textbook by Vintage | Hardcover Edition | Affordable,Books
Novel by Vintage | Revised and Updated Edition | Durable,Books
Elegant Foundation: Clinique release featuring Infused with Hyaluronic Acid,Beauty
Whirlpool Luxury Coffee Maker with Fully Programmable,Home
Dell Smartwatch - Ultra-Slim Design,Electronics
Vans Luxury Jacket with Vintage Wash,Clothing
Shampoo by Clinique | Sulfate and Paraben Free | Affordable,Beauty
Fenty Beauty Original Eye Shadow Palette - Infused with Hyaluronic Acid - Luxury Choice,Beauty
The Elegant Apple Wireless Headphones (Fast Charging support),Electronics
"Must-Have Bosch Vacuum Cleaner, True HEPA Filter",Home
Historical Fiction by Simon & Schuster | Special Collector's Edition | Bestselling,Books
Converse Original Sneakers - Slim Fit - Luxury Choice,Clothing
The Affordable Penguin Graphic Novel (Mass Market Paperback),Books
The Affordable Penguin Novel (Hardcover Edition),Books
Buy Nike Shorts (Vintage Wash),Clothing
Ralph Lauren Durable Sweater with Vintage Wash,Clothing
Lenovo Original Laptop - 120Hz OLED Display - Durable Choice,Electronics
"Mechanical Keyboard by Jabra | 16GB RAM, 512GB NVMe SSD | Exclusive",Electronics
Zara Original Chinos - Vintage Wash - Bestselling Choice,Clothing
O'Reilly Original Cookbook - Signed Copy - Exclusive Choice,Books
Buy Clinique Eye Shadow Palette (Dermatologist Tested For Sensitive Skin),Beauty
Buy L'Oreal Perfume (100% Vegan & Cruelty-Free),Beauty
The Must-Have Fenty Beauty Face Wash (Fragrance-Free),Beauty
Buy Scholastic Graphic Novel (Audiobook Narration Included),Books
The Affordable Dove Mascara (Matte Finish),Beauty
Vintage Premium Sci-Fi Novel with New York Times Bestseller,Books
The Ordinary Modern Concealer with Matte Finish,Beauty
Smartwatch by Samsung | Wi-Fi 6 Enabled | High-Quality,Electronics
Neutrogena Top-Rated Moisturizer with Sulfate and Paraben Free,Beauty
H&M Original Track Pants - Casual Everyday Wear - Luxury Choice,Clothing
Premium Self-Help Book: Penguin release featuring Pulitzer Prize Winning,Books
Must-Have Laptop: Apple release featuring Ultra-Slim Design,Electronics
Exclusive Bluetooth Speaker: Bose release featuring Active Noise Cancelling,Electronics
H&M Original Dress - Athletic Performance Fit - Bestselling Choice,Clothing
Biography by O'Reilly | Fully Illustrated | Premium,Books
Elegant Sneakers: Tommy Hilfiger release featuring Casual Everyday Wear,Clothing
Bestselling Perfume: Clinique release featuring Sulfate and Paraben Free,Beauty
Buy O'Reilly Programming Guide (Audiobook Narration Included),Books
"Elegant O'Reilly Self-Help Book, Revised and Updated Edition",Books
Breville Coffee Maker - Smart LED Compatible,Home
"Affordable Eufy Cookware Set, Fully Programmable",Home
"Modern Levi's Sneakers, Casual Everyday Wear",Clothing
Dell Smart TV - Active Noise Cancelling,Electronics
Cuisinart Affordable Office Chair with True HEPA Filter,Home
Sweater by Nike | Fleece Lined | Elegant,Clothing
Bantam Premium Sci-Fi Novel with Signed Copy,Books
Neutrogena Durable Perfume with Intensely Hydrating,Beauty
Coffee Maker by Dyson | Energy Efficient Rating | Modern,Home
L'Oreal Must-Have Vitamin C Serum with Dermatologist Tested For Sensitive Skin,Beauty
"Premium Whirlpool Table Lamp, Dishwasher Safe",Home
HP Original Smartphone - Waterproof IP68 - Durable Choice,Electronics
"Modern Tommy Hilfiger Dress, 100% Organic Cotton",Clothing
The Classic O'Reilly Biography (Revised and Updated Edition),Books
Scholastic Luxury Cookbook with Revised and Updated Edition,Books
Buy Dyson Robot Vacuum (Ergonomic Lumbar Support),Home
Olay Face Wash - 100% Vegan & Cruelty-Free,Beauty
"Top-Rated HarperCollins Sci-Fi Novel, Mass Market Paperback",Books
Whirlpool Premium Air Purifier with Premium Stainless Steel,Home
Moisturizer by Clinique | Sulfate and Paraben Free | Top-Rated,Beauty
Foundation by Olay | 100% Vegan & Cruelty-Free | Affordable,Beauty
IKEA Modern Robot Vacuum with Energy Efficient Rating,Home
Buy The Ordinary Liquid Lipstick (Infused with Hyaluronic Acid),Beauty
Samsung Exclusive Laptop with 120Hz OLED Display,Electronics
Luxury Cookbook: O'Reilly release featuring Audiobook Narration Included,Books
Must-Have Historical Fiction: Vintage release featuring Kindle eBook Edition,Books
"Classic Bose Smartphone, Ultra-Slim Design",Electronics
The Exclusive MAC Body Lotion (Broad Spectrum SPF 50),Beauty
Monitor by Asus | 4K Ultra HD | Durable,Electronics
Dyson Exclusive Microwave Oven with Ceramic Non-Stick,Home
Clinique High-Quality Eye Shadow Palette with 24-Hour Long Lasting,Beauty
Premium Track Pants: Converse release featuring Slim Fit,Clothing
O'Reilly Historical Fiction - Hardcover Edition,Books
Buy Tommy Hilfiger Hoodie (Casual Everyday Wear),Clothing
Self-Help Book by Simon & Schuster | New York Times Bestseller | Modern,Books
Top-Rated Graphic Novel: Macmillan release featuring Signed Copy,Books
Bluetooth Speaker by HP | 128GB Storage | Affordable,Electronics
The Premium Breville Microwave Oven (Smart LED Compatible),Home
Durable Sci-Fi Novel: Vintage release featuring Hardcover Edition,Books
Buy Apple Tablet (128GB Storage),Electronics
"Premium Dell Gaming Mouse, Active Noise Cancelling",Electronics
LG Affordable Cookware Set with True HEPA Filter,Home
Calvin Klein Sweater - 100% Organic Cotton,Clothing
Calvin Klein Original Chinos - Breathable Mesh - Elegant Choice,Clothing
The Exclusive O'Reilly Poetry Collection (Kindle eBook Edition),Books
Poetry Collection by HarperCollins | Hardcover Edition | Luxury,Books
Buy Tupperware Table Lamp (Quiet Operation),Home
"High-Quality Under Armour Dress, Fleece Lined",Clothing
Buy Maybelline Mascara (Sulfate and Paraben Free),Beauty
Track Pants by Tommy Hilfiger | Slim Fit | Bestselling,Clothing
Classic Shorts: Converse release featuring 100% Organic Cotton,Clothing
"Top-Rated Nike Jeans, Athletic Performance Fit",Clothing
Sneakers by Vans | Fleece Lined | Luxury,Clothing
The High-Quality IKEA Table Lamp (Smart LED Compatible),Home
Simon & Schuster High-Quality Textbook with Fully Illustrated,Books
O'Reilly Original Biography - Revised and Updated Edition - Must-Have Choice,Books
"Affordable KitchenAid Office Chair, Smart LED Compatible",Home
Toaster by Tupperware | Fully Programmable | Modern,Home
"Must-Have Penguin Novel, Signed Copy",Books
Lenovo Original Wireless Headphones - Waterproof IP68 - Durable Choice,Electronics
"Durable HarperCollins Poetry Collection, Mass Market Paperback",Books
Anker Original Smartphone - Wi-Fi 6 Enabled - Classic Choice,Electronics
Ralph Lauren Sweater - 100% Organic Cotton,Clothing
Durable Sneakers: Vans release featuring Casual Everyday Wear,Clothing
Buy Simon & Schuster Mystery Thriller (Audiobook Narration Included),Books
The Premium Samsung Smartphone (Ultra-Slim Design),Electronics
Perfume by L'Oreal | 24-Hour Long Lasting | Top-Rated,Beauty
"Exclusive MAC Shampoo, Broad Spectrum SPF 50",Beauty
"Exclusive Laptop: Acer release featuring 16GB RAM, 512GB NVMe SSD",Electronics
Dell Must-Have Power Bank with 30-hour battery life,Electronics
"Top-Rated LG Smartwatch, 16GB RAM, 512GB NVMe SSD",Electronics
"Premium Nike Sneakers, Casual Everyday Wear",Clothing
O'Reilly Novel - Special Collector's Edition,Books
Vintage Original Poetry Collection - Pulitzer Prize Winning - Durable Choice,Books
Simon & Schuster High-Quality Programming Guide with Mass Market Paperback,Books
H&M Sweater - Breathable Mesh,Clothing
Buy CeraVe Vitamin C Serum (Matte Finish),Beauty
"HP Monitor - 16GB RAM, 512GB NVMe SSD",Electronics
"Durable Converse Polo Shirt, Casual Everyday Wear",Clothing
Converse Jeans - 100% Organic Cotton,Clothing
The Classic Adidas Polo Shirt (Wrinkle-Free),Clothing
Poetry Collection by Bantam | Audiobook Narration Included | Modern,Books
Buy Anker Tablet (Waterproof IP68),Electronics
Jabra Original Wireless Headphones - Waterproof IP68 - Bestselling Choice,Electronics
Sony Top-Rated Power Bank with Ultra-Slim Design,Electronics
Samsung Mechanical Keyboard - Ultra-Slim Design,Electronics
Simon & Schuster Novel - Hardcover Edition,Books
The Premium H&M Jacket (100% Organic Cotton),Clothing
LG Vacuum Cleaner - Ceramic Non-Stick,Home
Exclusive Robot Vacuum: Bosch release featuring True HEPA Filter,Home
Bose Original Tablet - Fast Charging support - Top-Rated Choice,Electronics
Robot Vacuum by Whirlpool | Fully Programmable | Classic,Home
Bantam Original Biography - Signed Copy - Top-Rated Choice,Books
Buy Levi's Jacket (Wrinkle-Free),Clothing
Classic Bed Sheets: Cuisinart release featuring Energy Efficient Rating,Home
Tommy Hilfiger Original Polo Shirt - Fleece Lined - Exclusive Choice,Clothing
Vacuum Cleaner by Whirlpool | Ceramic Non-Stick | Exclusive,Home
Buy HarperCollins Graphic Novel (Revised and Updated Edition),Books
Levi's Original Sweater - Slim Fit - Must-Have Choice,Clothing
Eufy Original Coffee Maker - Quiet Operation - Modern Choice,Home
"Luxury Tommy Hilfiger T-Shirt, Vintage Wash",Clothing
Modern Body Lotion: Olay release featuring Infused with Hyaluronic Acid,Beauty
Vintage Luxury Graphic Novel with Pulitzer Prize Winning,Books
"Bestselling Dell Smart TV, Active Noise Cancelling",Electronics
Sony High-Quality Laptop with 128GB Storage,Electronics
LG Smart TV - Ultra-Slim Design,Electronics
The Classic LG Microwave Oven (Smart LED Compatible),Home
The Modern HP Gaming Mouse (4K Ultra HD),Electronics
Whirlpool Modern Table Lamp with Energy Efficient Rating,Home
Vintage Original Textbook - Revised and Updated Edition - Durable Choice,Books
Bantam Novel - Special Collector's Edition,Books
Macmillan Original Mystery Thriller - Pulitzer Prize Winning - Premium Choice,Books
Jabra Original Bluetooth Speaker - Fast Charging support - Bestselling Choice,Electronics
The Elegant Vans Chinos (Water Resistant),Clothing
"Luxury Clinique Body Lotion, Fragrance-Free",Beauty
Adidas Hoodie - Casual Everyday Wear,Clothing
Adidas Exclusive Jacket with Fleece Lined,Clothing
Zara Hoodie - Fleece Lined,Clothing
The Exclusive Jabra Mechanical Keyboard (120Hz OLED Display),Electronics
CeraVe Perfume - Matte Finish,Beauty
NARS Top-Rated Vitamin C Serum with 100% Vegan & Cruelty-Free,Beauty
Acer Original Power Bank - 4K Ultra HD - Elegant Choice,Electronics
Eufy Original Coffee Maker - Premium Stainless Steel - Classic Choice,Home
Lenovo Modern Power Bank with 120Hz OLED Display,Electronics
"Exclusive CeraVe Shampoo, 24-Hour Long Lasting",Beauty
The High-Quality Acer Power Bank (4K Ultra HD),Electronics
"Premium Dell Power Bank, Wi-Fi 6 Enabled",Electronics
Sony Exclusive Router with 120Hz OLED Display,Electronics
Buy Scholastic Graphic Novel (Mass Market Paperback),Books
Converse Track Pants - 100% Organic Cotton,Clothing
Buy Ralph Lauren Chinos (Water Resistant),Clothing
Exclusive Moisturizer: Clinique release featuring 24-Hour Long Lasting,Beauty
"Must-Have Lenovo Smart TV, 4K Ultra HD",Electronics
"Modern Adidas Hoodie, Athletic Performance Fit",Clothing
"Premium Macmillan Historical Fiction, New York Times Bestseller",Books
"The Elegant Asus Smartwatch (16GB RAM, 512GB NVMe SSD)",Electronics
Buy LG Bed Sheets (Premium Stainless Steel),Home
CeraVe Concealer - 100% Vegan & Cruelty-Free,Beauty
"Exclusive Philips Robot Vacuum, True HEPA Filter",Home
Penguin Original Poetry Collection - Fully Illustrated - Classic Choice,Books
Asus Original Smartwatch - Active Noise Cancelling - Exclusive Choice,Electronics
Mystery Thriller by Simon & Schuster | Fully Illustrated | Top-Rated,Books
The Durable CeraVe Perfume (Matte Finish),Beauty
Buy Breville Robot Vacuum (Smart LED Compatible),Home
The Elegant Levi's Polo Shirt (Fleece Lined),Clothing
Adidas Original Dress - Slim Fit - Bestselling Choice,Clothing
The Luxury Fenty Beauty Sunscreen (24-Hour Long Lasting),Beauty
Buy Tupperware Robot Vacuum (Premium Stainless Steel),Home
The Luxury Samsung Gaming Mouse (128GB Storage),Electronics
IKEA Luxury Office Chair with Ceramic Non-Stick,Home
Asus Bestselling Laptop with Fast Charging support,Electronics
Buy HP Smart TV (120Hz OLED Display),Electronics
The Elegant Philips Bed Sheets (Energy Efficient Rating),Home
Under Armour Luxury Chinos with Athletic Performance Fit,Clothing
L'Oreal Original Face Wash - 100% Vegan & Cruelty-Free - Luxury Choice,Beauty
Buy Maybelline Body Lotion (Matte Finish),Beauty
LG Affordable Laptop with Active Noise Cancelling,Electronics
Foundation by Estee Lauder | Fragrance-Free | Bestselling,Beauty
"Asus Elegant Router with 16GB RAM, 512GB NVMe SSD",Electronics
Estee Lauder Premium Foundation with Matte Finish,Beauty
"Modern Penguin Graphic Novel, Audiobook Narration Included",Books
Anker High-Quality Power Bank with 4K Ultra HD,Electronics
Cookbook by Simon & Schuster | New York Times Bestseller | Elegant,Books
LG Original Air Purifier - Ergonomic Lumbar Support - Affordable Choice,Home
"Affordable Scholastic Cookbook, Hardcover Edition",Books
Buy Sony Wireless Headphones (Waterproof IP68),Electronics
LG Elegant Router with 128GB Storage,Electronics
NARS Affordable Mascara with Fragrance-Free,Beauty
"Bestselling Converse Hoodie, Casual Everyday Wear",Clothing
"Bestselling Dell Smart TV, Wi-Fi 6 Enabled",Electronics
Calvin Klein T-Shirt - 4-Way Stretch Fabric,Clothing
"Sony Original Mechanical Keyboard - 16GB RAM, 512GB NVMe SSD - Luxury Choice",Electronics
Buy Ninja Toaster (Ergonomic Lumbar Support),Home
Macmillan Original Biography - Pulitzer Prize Winning - Premium Choice,Books
Buy Bosch Toaster (Quiet Operation),Home
Bestselling Sweater: Under Armour release featuring Breathable Mesh,Clothing
Buy Simon & Schuster Historical Fiction (Fully Illustrated),Books
"Luxury L'Oreal Foundation, 100% Vegan & Cruelty-Free",Beauty
"Affordable Cuisinart Office Chair, Quiet Operation",Home
Nike Original Sweater - Fleece Lined - Bestselling Choice,Clothing
"Affordable Ralph Lauren Running Shoes, Wrinkle-Free",Clothing
"Luxury Simon & Schuster Sci-Fi Novel, Hardcover Edition",Books
Bantam Exclusive Textbook with Fully Illustrated,Books
"Must-Have Estee Lauder Concealer, Matte Finish",Beauty
Exclusive Mascara: L'Oreal release featuring Dermatologist Tested For Sensitive Skin,Beauty
Ralph Lauren Original T-Shirt - Athletic Performance Fit - Affordable Choice,Clothing
"Durable Olay Foundation, Intensely Hydrating",Beauty
Neutrogena Mascara - Sulfate and Paraben Free,Beauty
Samsung Laptop - 128GB Storage,Electronics
Fenty Beauty Durable Moisturizer with Intensely Hydrating,Beauty
Anker Smartwatch - Wi-Fi 6 Enabled,Electronics
"Affordable Vintage Cookbook, Fully Illustrated",Books
Bed Sheets by LG | Smart LED Compatible | Modern,Home
Buy Cuisinart Blender (Quiet Operation),Home
Exclusive Smartphone: Apple release featuring 120Hz OLED Display,Electronics
Ninja Original Cookware Set - Ceramic Non-Stick - Bestselling Choice,Home
"Exclusive Adidas Jacket, Water Resistant",Clothing
Buy Anker Power Bank (Ultra-Slim Design),Electronics
Scholastic Top-Rated Programming Guide with Mass Market Paperback,Books
"Modern Whirlpool Coffee Maker, Quiet Operation",Home
Under Armour Shorts - Breathable Mesh,Clothing
Buy Acer Smartphone (Fast Charging support),Electronics
"Durable Macmillan Self-Help Book, Special Collector's Edition",Books
"Luxury Tommy Hilfiger T-Shirt, 4-Way Stretch Fabric",Clothing
"Luxury Scholastic Mystery Thriller, Special Collector's Edition",Books
Cookware Set by Breville | Premium Stainless Steel | Modern,Home
NARS Foundation - Fragrance-Free,Beauty
"Affordable Asus Smartphone, 128GB Storage",Electronics
Whirlpool Original Blender - Fully Programmable - Modern Choice,Home
Converse Original Running Shoes - Fleece Lined - Luxury Choice,Clothing
"HP Original Smart TV - 16GB RAM, 512GB NVMe SSD - Modern Choice",Electronics
Buy Anker Bluetooth Speaker (120Hz OLED Display),Electronics
The Top-Rated Anker Monitor (Wi-Fi 6 Enabled),Electronics
Liquid Lipstick by The Ordinary | Broad Spectrum SPF 50 | Exclusive,Beauty
Moisturizer by Clinique | 24-Hour Long Lasting | Luxury,Beauty
Simon & Schuster Novel - Fully Illustrated,Books
The Bestselling Olay Vitamin C Serum (Matte Finish),Beauty
Classic Smartphone: Bose release featuring 30-hour battery life,Electronics
Samsung Original Gaming Mouse - 128GB Storage - Affordable Choice,Electronics
"Durable LG Air Purifier, Egyptian Cotton King Size",Home
Must-Have Eye Shadow Palette: Neutrogena release featuring 100% Vegan & Cruelty-Free,Beauty
HarperCollins Original Novel - Hardcover Edition - Modern Choice,Books
Buy IKEA Robot Vacuum (Dishwasher Safe),Home
Buy Estee Lauder Foundation (24-Hour Long Lasting),Beauty
Must-Have Foundation: L'Oreal release featuring Infused with Hyaluronic Acid,Beauty
NARS Perfume - 100% Vegan & Cruelty-Free,Beauty
Fenty Beauty Original Eye Shadow Palette - Broad Spectrum SPF 50 - Must-Have Choice,Beauty
The Exclusive Vans Sweater (Breathable Mesh),Clothing
"Bestselling KitchenAid Stand Mixer, Dishwasher Safe",Home
Body Lotion by CeraVe | Intensely Hydrating | Must-Have,Beauty
"Bestselling Acer Monitor, 4K Ultra HD",Electronics
Luxury Shorts: Tommy Hilfiger release featuring Water Resistant,Clothing
Bed Sheets by Breville | Smart LED Compatible | Must-Have,Home
Anker Luxury Power Bank with Active Noise Cancelling,Electronics
Dyson Bestselling Bed Sheets with Ceramic Non-Stick,Home
Buy Ralph Lauren Hoodie (Slim Fit),Clothing
Buy Nike Hoodie (Water Resistant),Clothing
Penguin Original Graphic Novel - Pulitzer Prize Winning - Affordable Choice,Books
Must-Have Face Wash: The Ordinary release featuring Matte Finish,Beauty
"Modern Acer Tablet, Fast Charging support",Electronics
Dove Vitamin C Serum - Broad Spectrum SPF 50,Beauty
Under Armour Sweater - 4-Way Stretch Fabric,Clothing
The Classic Tupperware Microwave Oven (Energy Efficient Rating),Home
Face Wash by Olay | Anti-Aging Formula | Modern,Beauty
Cookbook by Simon & Schuster | Hardcover Edition | Top-Rated,Books
Stand Mixer by Bosch | Premium Stainless Steel | High-Quality,Home
Luxury Biography: HarperCollins release featuring Special Collector's Edition,Books
Converse Original Running Shoes - 4-Way Stretch Fabric - Luxury Choice,Clothing
The High-Quality Levi's Sneakers (Vintage Wash),Clothing
LG Tablet - Ultra-Slim Design,Electronics
Buy Maybelline Sunscreen (Fragrance-Free),Beauty
Modern Microwave Oven: Breville release featuring Egyptian Cotton King Size,Home
MAC Eye Shadow Palette - 24-Hour Long Lasting,Beauty
Buy Dove Shampoo (Fragrance-Free),Beauty
Dove Perfume - Fragrance-Free,Beauty
The Exclusive Adidas Running Shoes (Wrinkle-Free),Clothing
The Top-Rated Sony Wireless Headphones (Ultra-Slim Design),Electronics
Must-Have Concealer: NARS release featuring Broad Spectrum SPF 50,Beauty
High-Quality Graphic Novel: Bantam release featuring Signed Copy,Books
Samsung Original Mechanical Keyboard - 120Hz OLED Display - Affordable Choice,Electronics
Buy Scholastic Historical Fiction (Kindle eBook Edition),Books
Macmillan Original Historical Fiction - Signed Copy - Luxury Choice,Books
Puma Durable Shorts with Vintage Wash,Clothing
The Premium NARS Sunscreen (Broad Spectrum SPF 50),Beauty
The Luxury Scholastic Self-Help Book (New York Times Bestseller),Books
Calvin Klein Chinos - Breathable Mesh,Clothing
Scholastic Novel - Signed Copy,Books
Bose Original Mechanical Keyboard - Ultra-Slim Design - High-Quality Choice,Electronics
Poetry Collection by Vintage | Signed Copy | Must-Have,Books
Laptop by Anker | 4K Ultra HD | Durable,Electronics
"Bestselling Converse Dress, Slim Fit",Clothing
Acer Smart TV - Wi-Fi 6 Enabled,Electronics
MAC Top-Rated Shampoo with Broad Spectrum SPF 50,Beauty
Estee Lauder Concealer - Infused with Hyaluronic Acid,Beauty
Elegant Programming Guide: Simon & Schuster release featuring Hardcover Edition,Books
T-Shirt by Under Armour | Water Resistant | Must-Have,Clothing
Dove Original Sunscreen - Broad Spectrum SPF 50 - Exclusive Choice,Beauty
"Must-Have Cuisinart Toaster, Fully Programmable",Home
Buy Bantam Mystery Thriller (Pulitzer Prize Winning),Books
Buy Vans Sweater (Fleece Lined),Clothing
The Must-Have Penguin Mystery Thriller (Special Collector's Edition),Books
HarperCollins Durable Mystery Thriller with Special Collector's Edition,Books
The Luxury IKEA Stand Mixer (True HEPA Filter),Home
Dove Elegant Liquid Lipstick with Intensely Hydrating,Beauty
Philips Elegant Robot Vacuum with Dishwasher Safe,Home
"Affordable Vans Chinos, Wrinkle-Free",Clothing
Clinique Original Moisturizer - 100% Vegan & Cruelty-Free - Must-Have Choice,Beauty
LG Top-Rated Cookware Set with Dishwasher Safe,Home
Simon & Schuster Top-Rated Textbook with Kindle eBook Edition,Books
Zara T-Shirt - Breathable Mesh,Clothing
Buy Penguin Textbook (Mass Market Paperback),Books
The Must-Have Acer Gaming Mouse (Fast Charging support),Electronics
O'Reilly Original Historical Fiction - Audiobook Narration Included - Elegant Choice,Books
Durable Smartwatch: Apple release featuring Waterproof IP68,Electronics
CeraVe Original Mascara - 100% Vegan & Cruelty-Free - Bestselling Choice,Beauty
Monitor by HP | 30-hour battery life | Bestselling,Electronics
Penguin Poetry Collection - Special Collector's Edition,Books
Smartphone by Dell | Waterproof IP68 | Affordable,Electronics
T-Shirt by Adidas | 100% Organic Cotton | Top-Rated,Clothing
Classic Table Lamp: Philips release featuring Smart LED Compatible,Home
O'Reilly Durable Novel with Mass Market Paperback,Books
"Modern Nike Track Pants, Slim Fit",Clothing
Clinique Original Body Lotion - Sulfate and Paraben Free - High-Quality Choice,Beauty
Estee Lauder Eye Shadow Palette - Broad Spectrum SPF 50,Beauty
Levi's Jeans - Vintage Wash,Clothing
Face Wash by NARS | 100% Vegan & Cruelty-Free | Elegant,Beauty
Classic Cookbook: O'Reilly release featuring Fully Illustrated,Books
Buy MAC Eye Shadow Palette (100% Vegan & Cruelty-Free),Beauty
"Affordable Maybelline Mascara, Sulfate and Paraben Free",Beauty
Buy Neutrogena Foundation (Broad Spectrum SPF 50),Beauty
Buy Bantam Textbook (Mass Market Paperback),Books
Cookware Set by Tupperware | Ergonomic Lumbar Support | Must-Have,Home
Dress by Calvin Klein | Slim Fit | Premium,Clothing
Luxury Power Bank: HP release featuring Active Noise Cancelling,Electronics
The Modern The Ordinary Sunscreen (Intensely Hydrating),Beauty
O'Reilly Programming Guide - Special Collector's Edition,Books
Philips High-Quality Blender with Premium Stainless Steel,Home
The Luxury Bose Smartphone (30-hour battery life),Electronics
Estee Lauder Original Mascara - Intensely Hydrating - Exclusive Choice,Beauty
Fenty Beauty Moisturizer - Anti-Aging Formula,Beauty
Estee Lauder Original Liquid Lipstick - Matte Finish - Top-Rated Choice,Beauty
Buy Maybelline Concealer (Fragrance-Free),Beauty
Samsung Modern Power Bank with Fast Charging support,Electronics
Fenty Beauty Affordable Vitamin C Serum with Anti-Aging Formula,Beauty
"High-Quality LG Table Lamp, Dishwasher Safe",Home
IKEA Toaster - Ergonomic Lumbar Support,Home
Ninja Original Table Lamp - Energy Efficient Rating - Affordable Choice,Home
Hoodie by Tommy Hilfiger | Breathable Mesh | Durable,Clothing
Shorts by Ralph Lauren | Athletic Performance Fit | Modern,Clothing
Buy Lenovo Tablet (120Hz OLED Display),Electronics
"Top-Rated Samsung Mechanical Keyboard, Waterproof IP68",Electronics
The Affordable Nike Hoodie (Slim Fit),Clothing
Tommy Hilfiger Dress - Casual Everyday Wear,Clothing
Macmillan Novel - Audiobook Narration Included,Books
Textbook by Macmillan | Mass Market Paperback | Premium,Books
Buy MAC Concealer (Broad Spectrum SPF 50),Beauty
Premium T-Shirt: Under Armour release featuring Slim Fit,Clothing
The Must-Have Bosch Microwave Oven (Energy Efficient Rating),Home
Lenovo Must-Have Router with 30-hour battery life,Electronics
The Exclusive Lenovo Tablet (Wi-Fi 6 Enabled),Electronics
Clinique Concealer - Broad Spectrum SPF 50,Beauty
Buy The Ordinary Liquid Lipstick (Infused with Hyaluronic Acid),Beauty
Cuisinart Modern Microwave Oven with Premium Stainless Steel,Home
Jabra Original Router - 128GB Storage - Exclusive Choice,Electronics
The Must-Have MAC Foundation (Intensely Hydrating),Beauty
Buy The Ordinary Face Wash (Dermatologist Tested For Sensitive Skin),Beauty
Cuisinart Robot Vacuum - Smart LED Compatible,Home
Buy Simon & Schuster Programming Guide (Revised and Updated Edition),Books
"Bestselling Macmillan Biography, Signed Copy",Books
IKEA Top-Rated Air Purifier with True HEPA Filter,Home
Fenty Beauty Shampoo - Sulfate and Paraben Free,Beauty
O'Reilly Original Poetry Collection - Special Collector's Edition - Top-Rated Choice,Books
Luxury Cookbook: Penguin release featuring Audiobook Narration Included,Books
The Top-Rated Bantam Sci-Fi Novel (Pulitzer Prize Winning),Books
Router by Samsung | Waterproof IP68 | Must-Have,Electronics
Modern Robot Vacuum: KitchenAid release featuring Egyptian Cotton King Size,Home
T-Shirt by Puma | Casual Everyday Wear | Luxury,Clothing
"Durable Olay Foundation, Anti-Aging Formula",Beauty
Luxury Stand Mixer: Eufy release featuring Ceramic Non-Stick,Home
Apple Bluetooth Speaker - 4K Ultra HD,Electronics
Simon & Schuster Cookbook - Fully Illustrated,Books
The Bestselling Philips Microwave Oven (Ergonomic Lumbar Support),Home
Estee Lauder Luxury Vitamin C Serum with Broad Spectrum SPF 50,Beauty
Ralph Lauren Running Shoes - Wrinkle-Free,Clothing
